3836951	San Martín de los Andes	San Martin de los Andes	Andu San Martinas,Andų San Martinas,CPC,San Martin de Los Andes,San Martin de los Andes,San Martín de Los Andes,San Martín de los Andes,San-Martin-De-Los-Andes,sheng ma ding de luo si an di si,Сан-Мартин-Де-Лос-Андес,סן מרטין דה לוס אנדס,聖馬丁德洛斯安第斯	-40.15789	-71.35337	P	PPL	AR		15	3852288			23519		929	America/Argentina/Salta	2014-06-28
725993	Veliko Tŭrnovo	Veliko Turnovo	Tarnovo,Tarnowo,Ternovo,Tirnovo,Trnova,Trnovo,Turnovo,Tărnovo,Tărnowo,Tŭrnovo,Veliko T"rnovo,Veliko Tarnovo,Veliko Tărnovo,Weliko Tarnowo,Wielkie Tyrnowo,vu~eriko・tarunovu~o,Велико Търново,ヴェリコ・タルノヴォ	43.08124	25.62904	P	PPLA	BG		62	VTR04			66217		207	Europe/Sofia	2007-07-01
730496	Kazanlŭk	Kazanluk	Kasanlak,Kasanlăk,Kazanl"k,Kazanlak,Kazanlako,Kazanlek,Kazanlik,Kazanlk,Kazanluk,Kazanlyk,Kazanlăk,Kazanlık,Kazanlŭk,Kazanłyk,qʼzʼnlq,Казанлък,Казанлык,קאזאנלק	42.61667	25.4	P	PPL	BG	BG	59	SZR12			55196		366	Europe/Sofia	2012-01-18
6091919	Oak Bay	Oak Bay		48.44964	-123.3026	P	PPL	CA		02				18015		45	America/Vancouver	2013-05-05
3882428	Los Ángeles	Los Angeles	Angeles,Angelopolis,Ciudad de Los Anjeles,Los Anceles,Los Angeles,Los Anjeles,Los Ángeles,Los-Andzheles,Los-Ankheles,lo sxang heles,loseuanghelleseu,luo sang he lai si,Лос-Анджелес,Лос-Анхелес,לאס אנדזשעלעס,לוס אנחלס,โลสอังเฮเลส,ロス・アンヘレス,洛桑赫萊斯,로스앙헬레스	-37.46973	-72.35366	P	PPL	CL		06	83	08301		125430		141	America/Santiago	2013-01-11
3882434	Los Andes	Los Andes	Andes,Ciudad Los Andes,LOB,Los-And,Los-Andes,luo si an di si,Лос-Анд,Лос-Андес,洛斯安第斯	-32.83369	-70.59827	P	PPL	CL		01	53	05301		56859		833	America/Santiago	2012-05-03
3667158	Tierralta	Tierralta	Los Bongos,T'erral'ta,Tierra Alta,Tierralta,Тьерральта	8.17361	-76.05917	P	PPL	CO		12				26242		51	America/Bogota	2012-01-19
3675975	Los Patios	Los Patios	Los Patios	7.83793	-72.5037	P	PPL	CO		21				58661		395	America/Bogota	2012-01-19
3689899	Los Andes	Los Andes	Andes,Los Andes	5.6561	-75.87877	P	PPL	CO		02				16419		1282	America/Bogota	2012-01-19
3548993	Los Palacios	Los Palacios	Los Palacios	22.58722	-83.24861	P	PPL	CU		01				25703		46	America/Havana	2012-01-18
2514553	Los Palacios y Villafranca	Los Palacios y Villafranca	Los Palacios y Villafranca,Villafranca Los Palacios	37.16181	-5.92433	P	PPL	ES		51	SE	41069		36824		13	Europe/Madrid	2012-01-19
2514651	Los Llanos de Aridane	Los Llanos de Aridane	Llanos de Aridane,Los Llanos,Los Llanos de Aridane,Los-L'janos-de-Aridane,luo si li ya nuo si de ya li da nei,lws yanws dy arydany,Лос-Льянос-де-Аридане,Лос-Льянос-де-Арідане,لوس يانوس دي أريداني,洛斯利亚诺斯德亚里达内	28.65851	-17.91821	P	PPL	ES		53	TF	38024		20766		341	Atlantic/Canary	2012-01-19
2514824	Los Barrios	Los Barrios	Barrios,Los-Barrios,luo si ba li ao si,lws baryws,lws bryws,Лос-Барриос,Лос-Барріос,לוס בריוס,لوس باريوس,洛斯巴里奥斯	36.18482	-5.49213	P	PPL	ES		51	CA	11035		22311		23	Europe/Madrid	2010-04-22
2514868	Los Alcázares	Los Alcazares	Alcazares,Alcázares	37.74425	-0.85041	P	PPL	ES		31	MU	30902		15619		4	Europe/Madrid	2010-04-22
3117735	Madrid	Madrid	Gorad Madryd,La Villa y Corte de Madrid,Los Madriles,Lungsod ng Madrid,MAD,Madrid,Madrid osh,Madridas,Madride,Madridi,Madrido,Madrids,Madril,Madrit,Madrite,Madryt,Madríd,Madrîd,Magerit,Maidrid,Mairil,Makelika,Matritum,Sanchinarro,ma de li,madarida,madeulideu,madorido,madorido shi,madri,madrid,madrida,madridi,madryd,matrit,mdryd,mydrd,Μαδρίτη,Горад Мадрыд,Мaдрид,Мадрид,Мадрид ош,Мадрід,Մադրիդ,מאדריד,מדריד,مادرىد,مادرید,مدريد,میدرد,میڈرڈ,مەدرید,ܡܕܪܝܕ,मद्रिद,मद्रिद्,माद्रिद,माद्री,মাদ্রিদ,ਮਾਦਰਿਦ,ମାଡ୍ରିଦ,மத்ரித்,ಮಡ್ರಿಡ್,മാഡ്രിഡ്,มาดริด,མ་ད་རིད།,မဒရစ်မြို့,მადრიდი,ማድሪድ,マドリード,マドリード市,馬德里,马德里,마드리드	40.4165	-3.70256	P	PPLC	ES		29	M	28079		3255944		665	Europe/Madrid	2013-12-16
6692471	Los Realejos	Los Realejos	Los-Realekhos,luo si lei ya lai huo si,lws ryalykhws,Лос-Реалехос,لوس رياليخوس,洛斯雷亚莱霍斯	28.36739	-16.58335	P	PPL	ES		53	TF	38031		37559		578	Atlantic/Canary	2011-09-11
636947	Siilinjärvi	Siilinjaervi	Siilinjaervi,Siilinjärvi,Silin"jarvi,Силинъярви	63.08333	27.66667	P	PPLA3	FI		11	112	749		20209		83	Europe/Helsinki	2014-09-25
2633858	Winchester	Winchester	Caerwynt,Gorad Vinchehstehr,Ouinchetre,Ouînchêtre,Uinchest"r,Uinchester,Vincester,Vinchester,Winchester,Winsjester,Wintonia,u~inchesuta,vinacestara,vincestar,wen che si te,win ches texr,wincheseuteo,wynchstr,wyntshstr,wynzstr,Винчестер,Вінчестер,Горад Вінчэстэр,Уинчестер,Уинчестър,Վինչեսթեր,וינצסטר,وينتشستر,وینچستر,विनचेस्टर,వించెస్టర్,ವಿಂಚೆಸ್ಟರ್,วินเชสเตอร์,ウィンチェスター,温彻斯特,윈체스터	51.06513	-1.3187	P	PPLA2	GB		ENG	F2	24UP		40000		61	Europe/London	2010-10-16
2634308	Weston-super-Mare	Weston-super-Mare	Uehston-s'juper-Mehr,Uest"n sjup"r Me"r,Uestun-Sjupur-Meur,Veston na Meru,Weston super Mare,Weston-super-Mare,u~esuton=supa=mea,weseuteonsyupeomeeo,wstwn-swpr-mar,Вестон на Меру,Уестън сюпър Меър,Уестън-Сюпър-Меър,Уэстон-сьюпер-Мэр,وستون-سوپر-مار,ウェストン＝スーパー＝メア,웨스턴슈퍼메어	51.34603	-2.97665	P	PPLA2	GB		ENG	J4	00HC038		82903		13	Europe/London	2011-03-03
2635243	Uckfield	Uckfield	"kfijld,Ъкфийлд	50.96948	0.09589	P	PPL	GB		ENG	E2	21UH		15716		19	Europe/London	2010-05-24
2636713	Stratford-upon-Avon	Stratford-upon-Avon	Gorad Stratfard-on-Ehjvan,Stratford,Stratford na Ejv"n,Stratford na Ejvonu,Stratford on Avon,Stratford-Ehjvonekh',Stratford-na-Ehjvone,Stratford-upon-Avon,Stratfordia super Avonam,Stretford-na-Ejvoni,ai wen he pan si te la te fu,astratfwrd,seuteulaespeodeueopon-eibeon,sutoratofodo=apon=eivu~on,Горад Стратфард-он-Эйван,Стратфорд на Ейвън,Стратфорд на Ејвону,Стратфорд-Эйвонехь,Стратфорд-на-Эйвоне,Стретфорд-на-Ейвоні,استراتفورد,စထရက်ဖို့အက်ပွန်းဧဗွန်မြို့,ストラトフォード＝アポン＝エイヴォン,埃文河畔斯特拉特福,스트랫퍼드어폰에이번	52.19166	-1.70734	P	PPL	GB		ENG	P3	44UE		22576		44	Europe/London	2011-03-03
2638664	Salisbury	Salisbury	Caersallog,New Sarum,Salisbury,Sarisberia,Searoburg,Solsb"ri,Solsberi,Solsberis,Solsmperi,XSR,salsbry,salysbry,salzbry,soljeubeli,soljhabri,soruzuberi,suo er zi bo li,swlsbry,sxls bri,Σόλσμπερι,Солсбери,Солсбері,Солсбъри,סולסברי,سالزبری,سالسبری,ساليسبري,سولسبرى,सॉल्झब्री,সল্‌স্‌বারি,ซอลส์บรี,ሳልዝብሪ,ソールズベリー,索爾茲伯里,솔즈베리	51.06931	-1.79569	P	PPLA3	GB		ENG	P8	00HY261		45600		50	Europe/London	2011-07-31
2640358	Perth	Perth	P"rt,PSL,Pairth,Peairt,Pert,Pertas,Perth,Perth i Skottland,bo si,pasu,peoseu,prt,Перт,Пърт,پرت,پرتھ,パース,伯斯,퍼스	56.39522	-3.43139	P	PPLA2	GB		SCT	W1			43633		10	Europe/London	2011-03-03
2646032	Irvine	Irvine	"rvin,Ehrvin,Irbhinn,Irvin,Irvine i Ayrshire,abain,Ірвін,Ървин,Эрвин,アーバイン	55.6194	-4.65508	P	PPLA2	GB		SCT	V7			32748		14	Europe/London	2011-03-03
2652618	Colchester	Colchester	Camulodunum,Colchester,Colneceaster,Kolcesteris,Kolchest"r,Kolchester,Kolčesteris,ke er qie si te,kolcheseuteo,koruchesuta,kwlchstr,kwlshystr,qwlzstr,Колчестер,Колчестър,קולצסטר,كولشيستر,کولچستر,コルチェスター,科尔切斯特,콜체스터	51.88921	0.90421	P	PPL	GB		ENG	E4	22UG		109414		29	Europe/London	2011-03-03
3169070	Rome	Rome	An Roimh,An Ròimh,An Róimh,Erroma,Hrom,Lungsod ng Roma,Mji wa Roma,ROM,Ramma,Rhufain,Rim,Rim",Roeme,Rom,Roma,Rome,Romma,Romo,Romë,Rooma,Roum,Rym,Rzym,Råmma,Rím,Róm,Róma,Urbs,loma,luo ma shi,rm,rom,roma,romi,rwm,rwma,rym,Řím,Ρώμη,Рим,Римъ,Ром,Рым,Հռոմ,רומא,رم,روم,روما,رىم,ܪܘܡܐ,रोम,रोमा,โรม,რომი,ሮማ,ローマ,罗马市,로마	41.89193	12.51133	P	PPLC	IT		07	RM	058091		2318895	20	29	Europe/Rome	2014-07-20
3523900	Reyes Acozac	Reyes Acozac	Los Reyes Acozac,Los Reyes Xoloc,Reyes,Reyes Acozac	19.7755	-98.98079	P	PPL	MX		17				22133		2259	America/Mexico_City	2014-04-30
3523908	Los Reyes La Paz	Los Reyes La Paz	Los Reyes,Los Reyes La Paz,Reyes,Reyes la Paz	19.36357	-98.97707	P	PPL	MX		15				251168		2240	America/Mexico_City	2014-12-03
3997479	Los Mochis	Los Mochis	LMM,Los Mochis,Los-Mochis,Mochis,los-mochisi,luo si mo qi si,lws mwchys,rosumochisu,Лос Мочис,Лос-Мочис,لوس موچیس,ლოს-მოჩისი,ロスモチス,洛斯莫奇斯	25.79535	-108.99244	P	PPL	MX		25				214601		19	America/Mazatlan	2014-06-05
4004886	Nogales	Nogales	Heroica Nogales,Los Nogales,NOG,Nogales,nuo jia lai si,nwgals  swnwra,Ногалес,نوگالس، سونورا,諾加萊斯	31.30862	-110.94217	P	PPL	MX		26				185882		1214	America/Hermosillo	2013-05-05
2190324	Hamilton	Hamilton	Gamil'ton,Gorad Gamil'tan,HLZ,Hameldun,Hameldūn,Hamilton,Hamilton City,Hamilton pa New Zealand,Hamilton på New Zealand,Hamiltonas,Khamilt"n,Khamilton,Kirikiriroa,haemilteon,haimiltana,hamiruton,hamltwn,hamyltwn,han mi er dun,hemiltana,Гамильтон,Гамільтон,Горад Гамільтан,Хамилтон,Хамилтън,هاملتون,هامیلتون,हॅमिल्टन,हैमिल्टन,ഹാമിൽടൺ,ჰამილტონი,ハミルトン,汉密尔顿,해밀턴	-37.78333	175.28333	P	PPLA	NZ		G1	016			152641		39	Pacific/Auckland	2011-08-01
1705536	Los Baños	Los Banos	Los Banos,Los Baños,Los-Ban'os,Лос-Баньос	14.17025	121.24181	P	PPLA3	PH		40	33	1705539		95750		52	Asia/Manila	2015-01-17
668828	Râşnov	Rasnov	Barcarozsnyo,Barcarozsnyó,R"shnov,Rasnov,Risnov,Rosenau,Ryshnov,Râşnov,Râșnov,Rîşnov,Ръшнов,Рышнов	45.58333	25.45	P	PPLA2	RO		09	40367			15253		641	Europe/Bucharest	2013-12-01
519336	Velikiy Novgorod	Velikiy Novgorod	Holmgardur,Hólmgarður,NVR,Naugard,Naugardas,Nobnkoront,Nov" Grad",Nov"grad",Novgorod,Novogardia Magna,Nowgorod,Nowogrod Wielki,Nowogród Wielki,Nóvgorod,Veliki Novgorod,Velikij Novgorod,Velikiy Novgorod,Veliky Novgorod,Weliki Nowgorod,bellikinobeugolodeu,da nuo fu ge luo de,didi novgorodi,novugorodo,nwbgwrwd,Νόβγκοροντ,Велики Новгород,Великий Новгород,Новгород,Новъ Градъ,Новъградъ,נובגורוד,დიდი ნოვგოროდი,ノヴゴロド,大诺夫哥罗德,벨리키노브고로드	58.52131	31.27104	P	PPLA	RU		52				215062		35	Europe/Moscow	2013-11-16
524901	Moscow	Moscow	Gorad Maskva,MOW,Maeskuy,Maskav,Maskava,Maskva,Mat-xco-va,Matxcova,Matxcơva,Mosca,Moscfa,Moscha,Mosco,Moscou,Moscova,Moscovo,Moscow,Moscoƿ,Moscu,Moscua,Moscòu,Moscó,Moscù,Moscú,Mosk"va,Moska,Moskau,Mosko,Moskokh,Moskou,Moskov,Moskova,Moskow,Moskowa,Mosku,Moskuas,Moskva,Moskvo,Moskwa,Moszkva,Muskav,Musko,Mát-xcơ-va,Mòskwa,Məskəү,masko,maskw,mo si ke,moseukeuba,mosko,mosukuwa,mskw,mwskva,mwskw,mwsqbh,mx s ko,Μόσχα,Горад Масква,Мæскуы,Маскав,Москва,Москова,Москох,Москъва,Мускав,Муско,Мәскәү,Մոսկվա,מאָסקװע,מאסקווע,מוסקבה,ماسکو,مسکو,موسكو,موسكۋا,ܡܘܣܩܒܐ,मास्को,मॉस्को,মস্কো,மாஸ்கோ,มอสโก,མོ་སི་ཁོ།,მოსკოვი,ሞስኮ,モスクワ,莫斯科,모스크바	55.75222	37.61556	P	PPLC	RU		48				10381222		144	Europe/Moscow	2014-12-11
570479	Buynaksk	Buynaksk	Boejnaksk,Buinaksk,Bujnakh"sk,Bujnaksk,Buynaksk,Temir Khan Choura,Temir-Khan-Shura,bu-inagseukeu,Буйнакск,Буйнахъск,부이낙스크	42.819	47.1192	P	PPL	RU		17				62689		475	Europe/Moscow	2012-01-17
571741	Brateyevo	Brateyevo	Brat"yevo,Brateevo,Brateyevo,Brat”yevo,Братеево	55.63755	37.76438	P	PPLX	RU		48				102000		119	Europe/Moscow	2013-04-02
170654	Damascus	Damascus	Al-Sham,Al-Shām,An Damaisc,Cham,DAM,Damas,Damasc,Damasch,Damasco,Damascu,Damascus,Damasek,Damashq,Damasiko,Damask,Damask",Damaska,Damaskas,Damasko,Damaskos,Damaskosy,Damasku,Damaskus,Damaszek,Damaszkusz,Damašek,Dameski,Dammeseq,Damsyik,Dimaejk,Dimaesq,Dimashk,Dimashk al-Sham,Dimashk al-Shām,Dimashku,Dimashq,Dimeshki esh Sham,Dimishiq,Dimishku,Dimishq,Dimäjk,Dimäşq,Domas,Domás,Dàmáskù,Dəməşq,Esh Sham,Esh Shām,Gorad Damask,Kamakeko,Ndamako,Ndamáko,Sam,d mshq,da ma shi ge,damasaka,damasakasa,damaseukuseu,damaskas,damaskasa,damasukasu,dameska,damiska,dimisqu,dmshq,dmsq,drmswq,timisku,Şam,Δαμασκός,Горад Дамаск,Дамаск,Дамаскус,Дамаскъ,Димашкъ,Димишкъ,Димишқ,Դամասկոս,דמשק,د مشق,دمشق,دیمەشق,دەمەشىق,ܕܪܡܣܘܩ,ދިމިޝްޤު,दमास्कस,दमिश्क,দামেস্ক,ਦਮਸ਼ਕ,ଡାମାସକସ,திமிஷ்கு,ಡಮಾಸ್ಕಸ್,ദമാസ്കസ്,ดามัสกัส,དྷ་མ་སི་ཁོ་སི།,ဒမားစကပ်မြို့,დამასკი,ደማስቆ,ダマスカス,大馬士革,大马士革,다마스쿠스,𐌳𐌰𐌼𐌰𐍃𐌺𐍉/Damasko	33.5102	36.29128	P	PPLC	SY		13				1569394		701	Asia/Damascus	2010-05-30
305359	Kuşadası	Kusadasi	Efes,Kusadasi,Kush Adasi,Kush Adası,Kushadasi,Kushadassi,Kushadasy,Kuushadasy,Kuşadası,Marathesium,Nea Ephesus,Scalanuova,Skala Nuova,Skalanova,ku sha da se,kushadas",kushadasi,kushadasu,kusyadaseu,Кушадаси,Кушадасъ,Кушадасы,Къушадасы,کوش‌آداسی,クシャダス,庫沙達瑟,쿠샤다스	37.85562	27.2566	P	PPLA2	TR		09				63177		57	Europe/Istanbul	2013-08-06
309647	Ağrı	Agri	Aari,Aarı,Agiri,Agr",Agri,Agry,Agury,Agıri,Ahras,Ağrı,Karakilise,Karakose,Karaköse,Provinsi Agri,Provinsi Ağrı,Qerekose,a lei,aghry,ali,ari,aru,Агри,Агръ,Агры,Агъры,Աղրի,آغری,أغري,قەرەکۆسە,আরি,アール,阿勒,아리	39.71944	43.05139	P	PPLA	TR		04				92022		1640	Europe/Istanbul	2010-08-10
311073	Isparta	Isparta	"sparta,Baris,Gorad ysparta,Hamid,Hamid-Abad,Hamitabat,ISE,Isbarta,Isparta,Ispartah,Izbarta,Izparta,Sparta,Sparte,Spartē,Ysparta,asbrtt  trkya,asparta,iseupaleuta,usuparuta,yi si pa er ta,ysparta,İsparta,İzparta,Ισπάρτα,Горад Ыспарта,Испарта,Ъспарта,Ыспарта,אספרטה,إسبرطة، تركيا,اسپارتا,ისპარტა,ウスパルタ,伊斯帕爾塔,이스파르타	37.76444	30.55222	P	PPLA	TR		33				172334		1069	Europe/Istanbul	2012-01-18
311665	Iğdır	Igdir	"gdur,IGD,Idir,Igdir,Igdira,Igdyras,Iidir,Iğdır,Iıdır,aghdyr,ayghdr,ayghdyr,e de er,idileu,igdiri,udo~uru,ygdyr,Îdir,Īgdira,İğdır,Игдир,Ъгдър,Ыгдыр,Ցոլակերտ,اغدير,ایغدر,ایغدیر,ڕەشقەلاس,იგდირი,ウードゥル,厄德尔,이디르	39.92371	44.045	P	PPLA	TR		88				75721		860	Europe/Istanbul	2013-05-16
315808	Elazığ	Elazig	EZS,Ehljazyg,Elazig,Elazii,Elaziz,Elaziğ,Elazığ,Elazıı,Eleziz,Elezîz,Eliazihas,Eljaz"g,Eljazig,Elâzız,Elâzığ,Gorad Ehljazyg,Mezreh,Xarberd,ai la ze,alazigh,alazygh,aylazgh,elajiga,elazighi,ellaji,erazu,Горад Элязыг,Елазиг,Елязиг,Елязъг,Элязыг,Խարբերդ,إلازِغ,الازیغ,ایلازغ,خارپێت,ਏਲਾਜਿਗ,ელაზიღი,エラズー,埃拉泽,엘라지	38.67431	39.22321	P	PPLA	TR		23				298004		1062	Europe/Istanbul	2013-05-12
686919	Znomenka	Znomenka	Snamenka,Znam"yanka,Znam'janka,Znamenka,Znamenka Pervaya,Znam”yanka,Znomenka,Знаменка,Знам’янка	48.71278	32.66472	P	PPLA2	UA		10				28318		202	Europe/Kiev	2014-11-05
703656	Kupjansk	Kupjansk	Koupiansk,Kup"yans'k,Kup'jans'k,Kup'jansk,Kupiansk,Kupiańsk,Kupjans'k,Kupjansk,Kupjanskas,Kupyansk,Kup”yans’k,ku pi yang si ke,kwpyansk,Купьянск,Купянск,Купянськ,Купјанск,Куп’янськ,Կուպյանսկ,کوپیانسک,庫皮揚斯克	49.71055	37.61517	P	PPLA2	UA		07				32449		92	Europe/Kiev	2014-07-08
706950	Kamieniec Podolski	Kamieniec Podolski	Kam"yanets'-Podil's'kyy,Kam'janec'-Podil's'kij,Kamenec-Podol'skij,Kamenec-Podolski,Kamenets Podol'ski,Kamenets Podol’ski,Kamenets-Podilski,Kamenets-Podol'sk,Kamenets-Podol'skiy,Kamenets-Podolsk,Kamenets-Podol’sk,Kamenets-Podol’skiy,Kamenez-Podolsk,Kamianets-Podilskyi,Kamieniec Podolski,Kamjanets-Podilski,Kamjanets-Podilskyi,Kamjanez-Podilskyj,Kamyanets-Podilsky,Kam”yanets’-Podil’s’kyy,Кам'янець-Подільський,Каменец-Подолски,Каменец-Подольский,Кам’янець-Подільський	48.6845	26.58559	P	PPLA2	UA		09	710863			100000		227	Europe/Kiev	2014-09-05
4160021	Jacksonville	Jacksonville	Dzeksonvil,Dzeksonvila,Dzeksonvilis,Dzhaks"nvil,Dzhehksanvil,Dzhehksonvill,Dzheksonvill,Džeksonvila,Džeksonvilis,Iacsoniapolis,Iacsonvilla,JAX,Jacksonville,Tzaksonvil,gqswnwwyl,jaegseunbil,jaiksanavila,jakcanvil,jakswnfyl  flwryda,jakusonbiru,jeksanavhila,jeksonvili,jie ke xun wei er,jyakasanabhila,jyksn wl,Τζάκσονβιλ,Џексонвил,Джаксънвил,Джексонвілл,Джэксанвіл,Джэксонвилл,Ջեքսոնվիլ,גקסונוויל,جاكسونفيل، فلوريدا,جکسون‌ویل,جیکسن ول,जॅक्सनव्हिल,जैक्सनविल,ज्याकसनभिल,ஜாக்சன்வில்,แจ็กสันวิลล์,ჯექსონვილი,ジャクソンビル,杰克逊维尔,잭슨빌	30.33218	-81.65565	P	PPLA2	US		FL	031			821784	5	12	America/New_York	2014-10-27
4164138	Miami	Miami	Gorad Majami,MIA,Maiami,Majami,Majamis,Mayami,Miami,Miamia,Miamo,mai a mi,maiaemi,maiami,mayami,mayamy,miyami,myamy,myamy  flwryda,Μαϊάμι,Горад Маямі,Майами,Маями,Маямі,Мајами,Մայամի,מיאמי,مايامى,ميامي، فلوريدا,میامی,मायामी,मियामी,মায়ামি,மயாமி,మయామి,ಮಿಯಾಮಿ,ไมแอมี,မိုင်ယာမီမြို့,მაიამი,ማያሚ,マイアミ,迈阿密,邁阿密,마이애미	25.77427	-80.19366	P	PPLA2	US		FL	086			399457	2	25	America/New_York	2011-06-16
4164143	Miami Beach	Miami Beach	Majami Bich,Majami Bijch,Majami-Bich,Miami Beach,Saut Bich,mai a mi hai tan,maiaemibichi,maiamibichi,mayami bica,myamy bych  flwryda,myamy bytsh,Майами-Бич,Маями Бийч,Маямі-Біч,Мајами Бич,Саут Бич,ميامي بيتش,میامی بیچ، فلوریدا,मायामी बीच,マイアミビーチ,迈阿密海滩,마이애미비치	25.79065	-80.13005	P	PPL	US		FL	086			87779	1	10	America/New_York	2014-08-01
4164167	Miami Gardens	Miami Gardens	Majami Gardens,Majami-Gardens,mai a mi hua yuan,maiaemigadeunseu,maiamigadenzu,myamy gardnz  flwryda,myamy ghardnz  flwryda,Маямі-Ґарденс,Мајами Гарденс,ميامي غاردنز، فلوريدا,میامی گاردنز، فلوریدا,میامی گارڈنز,マイアミガーデンズ,迈阿密花园,마이애미가든스	25.94204	-80.2456	P	PPL	US		FL	086			107167	2	9	America/New_York	2011-05-14
4164186	Miami Lakes	Miami Lakes		25.90871	-80.30866	P	PPL	US		FL	086			29361	1	10	America/New_York	2011-05-14
4166232	North Miami	North Miami	Nort Majami,Nort-Majami,bei mai a mi,nwrth myamy  flwryda,Норт Мајами,Норт-Маямі,نورث ميامي، فلوريدا,نورث میامی، فلوریدا,北迈阿密	25.89009	-80.18671	P	PPL	US		FL	086			58786	2	11	America/New_York	2011-05-14
4166233	North Miami Beach	North Miami Beach	Nort Majami Bich,Nort-Majami-Bich,bei mai a mi hai tan,nwrth myamy bych  flwryda,shmal myamy bytsh,Норт Мајами Бич,Норт-Маямі-Біч,شمال ميامي بيتش,نورث میامی بیچ، فلوریدا,北迈阿密海滩	25.93315	-80.16255	P	PPL	US		FL	086			41523	3	11	America/New_York	2011-05-14
4166583	Oak Ridge	Oak Ridge		28.47112	-81.42452	P	PPL	US		FL	095			22685	27	33	America/New_York	2011-05-14
4173497	South Miami Heights	South Miami Heights		25.59761	-80.38061	P	PPL	US		FL	086			35696	3	8	America/New_York	2011-05-14
4460243	Charlotte	Charlotte	CLT,Carolinum,Charlotte,Charlotte i Nord-Carolina,Sarlot,Sarlota,Sarlote,Sarlott,Sharl"t,Sharlot,Sharlott,carlat,charlxtt,sarlata,sarlet,sharloti,sharlwt,sharotto,syalleos,tsharlwt  karwlayna alshmalyt,xia luo te,Şarlott,Šarlota,Šarlotė,Σάρλοτ,Шарлот,Шарлотт,Шарлът,Շառլոթ,שארלוט,تشارلوت، كارولاينا الشمالية,شارلوت,शार्लट,சார்லட்,షార్లెట్,ಷಾರ್ಲೆಟ್,ชาร์ลอตต์,შარლოთი,შარლოტი,シャーロット,夏洛特,샬럿	35.22709	-80.84313	P	PPLA2	US		NC	119			731424	229	272	America/New_York	2014-10-27
4518188	Miamisburg	Miamisburg	Majamisberg,Majamisburg,myamysbwrg  awhayw,myamysbyrgh  awhayw,Майамисбург,Мајамисберг,مياميسبيرغ، أوهايو,میامیسبورگ، اوهایو	39.64284	-84.28661	P	PPL	US		OH	113			20181	213	215	America/New_York	2011-05-14
4553433	Tulsa	Tulsa	T"lsa,TUL,Talsa,Tulsa,tarusa,tu er sa,Талса,Тълса,タルサ,圖爾薩	36.15398	-95.99277	P	PPLA2	US		OK	143			391906	220	226	America/Chicago	2012-02-20
4646571	Oak Ridge	Oak Ridge	Ouk Ridz,Ouk-Ridzh,awwk ryj  tnsy,okeuliji,xiang shu ling,ʼwq rydg,Оук Риџ,Оук-Ридж,אוק רידג,اووک ریج، تنسی,オーク・リッジ,橡树岭,오크리지	36.01036	-84.26964	P	PPL	US		TN	001			29330	259	259	America/New_York	2011-05-14
4671240	Arlington	Arlington	Arlin'nkton,Arlingt"n,Arlington,Arlingtona,Arlingtonas,Arlinqton,a ling dun,allingteon,arinton,arlingtana,arlynghtwn  tksas,arlyngtwn  tgzas,Ārlingtona,Άρλινγκτον,Арлингтон,Арлингтън,Արլինգտոն,آرلنگٹن,آرلینگتون، تگزاس,أرلينغتون، تكساس,आर्लिंग्टन,არლინგტონი,アーリントン,阿灵顿,알링턴	32.73569	-97.10807	P	PPL	US		TX	439			365438	184	190	America/Chicago	2011-05-14
4699066	Houston	Houston	Chiouston,Gorad Khjustan,HOU,Hiu-su-tun,Hiustonas,Hiû-sṳ̂-tûn,Hjustona,Hjūstona,Houston,Hustonia,Hyuston,Kh'juston,Khjust"n,Khjuston,hi'ustana,hiustoni,hiws tan,hiyustan,hou si dun,husatana,hyuseuteon,hyustan,hyustana,hyusuton,hywstn,hywstn  tksas,hywstwn,xiu si dun,ywstwn,Χιούστον,Горад Хюстан,Хьюстон,Хюстон,Хюстън,Хјустон,Հյուստոն,היוסטן,יוסטון,هيوستن، تكساس,هیوستون,ھیووستن,ہywsٹn,ہیوسٹن,ह्युस्टन,হিউস্টন,ਹੂਸਟਨ,હ્યુસ્ટન,ஹியூஸ்டன்,హ్యూస్టన్,ഹ്യൂസ്റ്റൺ,ฮิวสตัน,ဟူစတန်မြို့,ჰიუსთონი,ჰიუსტონი,ሂውስተን,ヒューストン,休斯敦,休斯頓,侯斯頓,휴스턴	29.76328	-95.36327	P	PPLA2	US		TX	201			2099451	12	30	America/Chicago	2014-10-27
4700168	Irving	Irving	"rving,Erving,Irving,Irvingas,abingu,ayrfyngh  tksas,ayrwyng  tgzas,eobing,ou wen,Ірвінг,Ервинг,Ирвинг,Ървинг,ايرفينغ، تكساس,ایروینگ، تگزاس,എർവിങ്,アービング,歐文,어빙	32.81402	-96.94889	P	PPL	US		TX	113			216290	147	151	America/Chicago	2014-03-07
4845193	Waterbury	Waterbury	Uot"rb"ri,Uoterberi,Vaterbjuri,Voterberi,Waterbury,u~otabari,u~otaberi,votarabari,wo te bo li,woteobeli,Ватербюри,Вотербери,Вотербері,Уотербери,Уотърбъри,वॉटरबरी,ウォーターバリー,ウォーターベリー,沃特伯里,워터베리	41.55815	-73.0515	P	PPL	US		CT	009			110366	82	84	America/New_York	2011-05-14
4904286	Oak Forest	Oak Forest		41.60281	-87.74394	P	PPL	US		IL	031			27962	205	206	America/Chicago	2011-05-14
4904365	Oak Lawn	Oak Lawn	Ouk Lon,Оук Лон	41.71087	-87.75811	P	PPL	US		IL	031			56690	182	185	America/Chicago	2011-05-14
4904381	Oak Park	Oak Park	Ouk-Park,Оук-Парк	41.88503	-87.7845	P	PPL	US		IL	031			51878	189	193	America/Chicago	2013-03-02
5004188	Oak Park	Oak Park	Ouk-Park,Оук-Парк	42.45948	-83.18271	P	PPL	US		MI	125			29319	203	203	America/Detroit	2011-05-14
5197079	Lancaster	Lancaster	LNS,Lancaster,Lankast"r,Lankaster,Lengeschder,laengkeoseuteo,lamkestara,lan kai si te,lnkstr  pnsylwanya,rankasuta,Ланкастер,Ланкастър,لنکاسٹر، پنسلوینیا,لنکستر، پنسیلوانیا,लँकेस्टर,ランカスター,兰开斯特,랭커스터	40.03788	-76.30551	P	PPLA2	US		PA	071			59322	110	116	America/New_York	2011-05-14
5206379	Pittsburgh	Pittsburgh	Gorad Pitsburg,PIT,Pitsb"rg,Pitsburg,Pitsburga,Pitsburgas,Pitsburq,Pitsmpernk,Pittsbarig,Pittsburg,Pittsburgh,Pittsburgum,bytsbrgh  bnsylfanya,phitts beirk,pi ci bao,pi zi bao,picheubeogeu,pitasabaraga,pitsabarga,pitsbarg,pitspark,pittsubagu,pytsbwrg,Πίτσμπεργκ,Горад Пітсбург,Питсбург,Питсбърг,Питтсбург,Піттсбург,פיטסבורג,بيتسبرغ، بنسيلفانيا,پٹس برگ,پیتسبورگ,पिट्सबर्ग,ਪੀਟਸਬਰਗ,பிட்ஸ்பர்க்,పిట్స్బర్గ్,ಪಿಟ್ಸ್‌ಬರ್ಗ್,พิตต์สเบิร์ก,ピッツバーグ,匹兹堡,피츠버그	40.44062	-79.99589	P	PPLA2	US		PA	003			305704	233	239	America/New_York	2011-05-14
5224151	Providence	Providence	Gorad Providehns,PVD,Provedensos,Provid"ns,Providence,Providens,Providensa,Providensas,Providentia,Provintens,Provėdensos,brwfydns  rwd ayland,peulobideonseu,phr x wi den s,piravitens,prawydns,probhidensa,provhidansa,prwbydns,pu luo wei deng si,pu luo wei dun si,purobidensu,purovu~idensu,Πρόβιντενς,Горад Провідэнс,Провиденс,Провидънс,Провіденс,Փրովիդենս,פרובידנס,بروفيدنس، رود آيلاند,پراویدنس,پروویڈنس,پروویڈنس، رہوڈ آئی لینڈ,प्रॉव्हिडन्स,प्रोभिडेन्स,பிராவிடென்ஸ்,พรอวิเดนซ์,プロビデンス,プロヴィデンス,普洛威頓斯,普罗维登斯,프로비던스	41.82399	-71.41283	P	PPLA	US		RI	007			178042	2	-17	America/New_York	2012-02-20
5265228	Oak Creek	Oak Creek		42.88585	-87.86314	P	PPL	US		WI	079			34451	214	214	America/Chicago	2011-05-14
5328041	Beverly Hills	Beverly Hills	Bev"rli Khils,Beverly Hills,beverli hilsi,bibarihiruzu,bwrly hylz,bwwrly hyls,Бевърли Хилс,בוורלי הילס,بورلی هیلز,ბევერლი ჰილსი,ビバリーヒルズ	34.07362	-118.40036	P	PPL	US		CA	037			34109	79	84	America/Los_Angeles	2011-05-14
5331835	Burbank	Burbank	B"rbank,BUR,Berbank,Berbanka,Berbankas,Bermpan'k,Burbank,Burbank  Los Angeles County,Bērbanka,babanku,barbyanka,beobaengkeu,bo ban ke,brbank  kalyfwrnya,brbnk,brbnk  kalyfrnya,brbnq,Μπέρμπανκ,Бербанк,Бърбанк,ברבנק,بربانك، كاليفورنيا,بربنک,بربنک، کالیفرنیا,बर्ब्याङ्क,เบอร์แบงก์,バーバンク,伯班克,버뱅크	34.18084	-118.30897	P	PPL	US		CA	037			103340	185	192	America/Los_Angeles	2011-05-14
5344994	East Los Angeles	East Los Angeles	East Los Angeles,Este de Los Angeles,Este de Los Ángeles,Ist Los Andzeles,Orienta Losangeleso,Orienta Losanĝeleso,iseuteuloseuaenjelleseu,ista lasa enjelsa,isutorosanzerusu,Ист Лос Анџелес,इस्ट लस एन्जेल्स,イーストロサンゼルス,이스트로스앤젤레스	34.0239	-118.17202	P	PPL	US		CA	037			126496	61	63	America/Los_Angeles	2011-05-14
5355933	Hayward	Hayward	HWD,Hayward,Heivordas,Kheju"rd,Khejvard,hai wo de,hayward  kalyfwrnya,heiwado,hevarda,hyward  kalyfrnya,Хейуърд,Хејвард,هايوارد، كاليفورنيا,هیوارد، کالیفرنیا,ہےوارڈ,हेवार्ड,ヘイワード,海沃德	37.66882	-122.0808	P	PPL	US		CA	001			144186	34	32	America/Los_Angeles	2014-02-14
5358705	Huntington Beach	Huntington Beach	Hantington Bycas,Hantington Byčas,Huntington Beach,Kh"ntingt"n Bijch,Khantington Bich,Khantington-Bich,han ting tan bich,hantingatana bica,hantintonbichi,hantyngtwn bych,heng ting dun bi qi,heontingteonbichi,hwntynghtwn bytsh  awranj  kalyfwrnya,Хантингтон Бич,Хантингтон-Бич,Хънтингтън Бийч,هانتینگتون بیچ,هونتينغتون بيتش، أورانج، كاليفورنيا,ہنٹنگٹن بیچ,हन्टिंगटन बीच,ฮันติงตันบีช,ハンティントンビーチ,亨廷頓比奇,헌팅턴비치	33.6603	-117.99923	P	PPL	US		CA	059			189992	12	16	America/Los_Angeles	2011-05-14
5359777	Irvine	Irvine	"rvajn,Ervajn,Irvajn,Irvin,Irvinas,Irvine,abain,arfayn  kalyfwrnya,arwayn,arwayn  kalyfrnya,eobain,er wan,ou wen,Ервайн,Ервајн,Ирвайн,Ирвин,Ървайн,إرفاين، كاليفورنيا,اروائن,ارواین، کالیفرنیا,アーバイン,歐文,爾灣,어바인	33.66946	-117.82311	P	PPL	US		CA	059			212375	17	22	America/Los_Angeles	2011-11-29
5367440	Livermore	Livermore	LVK,Liv"rmor,Livermor,Livermore,li fu mo,libeomo-eo,libharamora,lyfyrmwry  alamyda  kalyfwrnya,lywrmwr,lywrmwr  kalyfrnya,ribamoa,Ливермор,Ливърмор,ليفيرموري، ألاميدا، كاليفورنيا,لیورمور,لیورمور، کالیفرنیا,लिभरमोर,リバモア,利佛摩,리버모어	37.68187	-121.76801	P	PPL	US		CA	001			80968	150	150	America/Los_Angeles	2011-05-14
5368335	Los Altos	Los Altos	Los Altos,lasa eltosa,loseuaeltoseu,ls‌altws,luo si a tu si,luo si la tu si,lws altws  santa klara  kalyfwrnya,rosuarutosu,Лос Алтос,לוס אלטוס,لس‌آلتوس,لوس ألتوس، سانتا كلارا، كاليفورنيا,लस एल्टोस,ロスアルトス,洛思阿圖斯,洛斯拉图斯,로스앨토스	37.38522	-122.11413	P	PPL	US		CA	085			28976	48	47	America/Los_Angeles	2014-02-14
5368361	Los Angeles	Los Angeles	Angelopolis,El Pueblo de Nuestra Senora de los Angeles de Porciuncula,El Pueblo de Nuestra Señora de los Ángeles de Porciúncula,Gorad Los-Andzhehles,L.A.,LA,LAX,Lok-chham-ki,Los Anceles,Los And'eles,Los Andzelas,Los Andzeles,Los Andzheles,Los Andzhelis,Los Andželas,Los Angeles,Los Anjeles,Los Anjélés,Los Antzeles,Los Anxheles,Los Anxhelos,Los Anzeles,Los Anzheles,Los Ángeles,Los-Andzeles,Los-Andzheles,Los-Angeleso,Los-Anjeles,Los-Anzheles,Los-Anĝeleso,Losandzelosa,Losandželosa,Lo̍k-chhám-kî,Lungsod ng Los Angeles,Luos Andzels,Luos Andžels,Os Anxeles,Os Ánxeles,las aynjls,las encalas,las enjales,las enjalis,lasa ainjalasa,lasa enjalasa,lasa enjelsa,leas anceles,los-anjelesi,losa ainjelisa,losa enjelsa,loseuaenjelleseu,ls anjls,luo shan ji,lws anjls,lws anjlws,lws anjlys,lws ʼngls,rosanzerusu,Λος Άντζελες,Горад Лос-Анджэлес,Лос Анджелес,Лос Анджелис,Лос Андьелес,Лос Анжелес,Лос Анђелес,Лос Анџелес,Лос Анҷелес,Лос Анӂелес,Лос-Анджелес,Лос-Анжелес,Лос-Анџелес,Լոս Անջելես,לאס אנדזשעלעס,לוס אנגלס,لاس اینجلس,لس آنجلس,لس‌آنجلس,لوس آنجلس,لوس أنجلوس,لوس ئانجېلېس,لوس انجليس,لۆس ئانجلەس,लस एञ्जेल्स,लस एन्जलस,लास एंजलस,लॉस एंजेल्स,लॉस ऐन्जेलिस,লস অ্যাঞ্জেলেস,ਲਾਸ ਐਂਜਲਸ,லாஸ் ஏஞ்சலஸ்,లాస్ ఏంజలెస్,ಲಾಸ್ ಎಂಜಲೀಸ್,ലോസ് ആഞ്ചെലെസ്,ลอสแอนเจลิส,လော့စ်အိန်ဂျယ်လိစ်မြို့,ლოს-ანჯელესი,ሎስ አንጄሌስ,ロサンゼルス,洛杉矶,洛杉磯,로스앤젤레스	34.05223	-118.24368	P	PPLA2	US		CA	037			3792621	89	96	America/Los_Angeles	2014-10-27
5368453	Los Banos	Los Banos	LSN,Los Ban'os,Los Banos,Los Baños,Los-Ban'os,lasa benosa,luo si ba nuo si,lws banws  kalyfrnya,lws banws  myrsyd  kalyfwrnya,Лос Банос,Лос Баньос,Лос-Баньос,لوس بانوس، ميرسيد، كاليفورنيا,لوس بانوس، کالیفرنیا,लस बेनोस,洛斯巴诺斯	37.05828	-120.84992	P	PPL	US		CA	047			35972	36	39	America/Los_Angeles	2011-05-14
5368518	Los Gatos	Los Gatos	Los Gatos,lasa getosa,luo si jia tu si,lws gatws  kalyfrnya,lws ghatws  santa klara  kalyfwrnya,Лос Гатос,لوس غاتوس، سانتا كلارا، كاليفورنيا,لوس گاتوس، کالیفرنیا,लस गेतोस,洛思加圖斯	37.22661	-121.97468	P	PPL	US		CA	085			29413	105	102	America/Los_Angeles	2014-02-14
5383465	Pittsburg	Pittsburg	Pitsb"rg,Pitsburg,Pittsburg,bytsbwrgh,picheubeogeu,pitsabarga,pittsubagu,pytz brg  kalyfrnya,Питсбург,Питсбърг,بيتسبورغ,پیتز برگ، کالیفرنیا,पिट्सबर्ग,ピッツバーグ,피츠버그	38.02798	-121.88468	P	PPL	US		CA	013			63264	8	8	America/Los_Angeles	2011-05-14
5383777	Pleasanton	Pleasanton	Pleasanton,Plezant"n,Plezanton,blysantwn  alamyda  kalyfwrnya,plijentatana,plyzantwn  kalyfrnya,pu lai sen dun,Плезантон,Плезантън,بليسانتون، ألاميدا، كاليفورنيا,پلیزانتون، کالیفرنیا,प्लिजेन्टटन,普莱森顿	37.66243	-121.87468	P	PPL	US		CA	001			70285	106	107	America/Los_Angeles	2011-05-14
5399020	Stockton	Stockton	SCK,Stockton,Stokt"n,Stokton,astaktwn,seutogteon,si tuo ke dun,stakatana,stwktwn  kalyfwrnya,sutokkuton,Стоктон,Стоктън,استاکتون,ستوكتون، كاليفورنيا,سٹوکٹن,स्टकटन,ストックトン,斯托克顿,스톡턴	37.9577	-121.29078	P	PPLA2	US		CA	077			291707	4	6	America/Los_Angeles	2011-05-14
5400075	Sunnyvale	Sunnyvale	S"nivejl,Sanivejl,Sannivejl,Sunnyvale,saniberu,sannibhela,sanyfal  kalyfwrnya,sany‌wyl  kalyfrnya,sen ni wei er,seonibeil,snywyl,Санивејл,Саннивейл,Саннівейл,Сънивейл,سانيفال، كاليفورنيا,سانی‌ویل، کالیفرنیا,سنیویل,सन्नीभेल,サニーベール,森尼韦尔,서니베일	37.36883	-122.03635	P	PPL	US		CA	085			140081	39	37	America/Los_Angeles	2014-02-14
5404555	Union City	Union City	Juni"n Siti,Junion Siti,Thanh pho Union,Thành phố Union,Union City,lian he shi,yunieonsiti,yuniyana siti,ywnyn syty  kalyfrnya,ywnywn syty,Јунион Сити,Юниън Сити,يونيون سيتي,یونین سیتی، کالیفرنیا,युनियन सिटी,聯合市,유니언시티	37.59577	-122.01913	P	PPL	US		CA	001			69516	21	19	America/Los_Angeles	2014-02-14
5404915	Upland	Upland	"plend,Apland,CCB,Upland,a pu lan,abland  san byrnardynw  kalyfwrnya,ap lnd  kalyfrnya,apalyanda,eoblaendeu,Апланд,Ъпленд,آبلاند، سان بيرناردينو، كاليفورنيا,آپ لند، کالیفرنیا,अपल्यांड,阿普兰,업랜드	34.09751	-117.64839	P	PPL	US		CA	071			73732	377	380	America/Los_Angeles	2011-05-14
5406990	Walnut Creek	Walnut Creek	Uoln"t Krijk,Uolnat-Krik,Volnat Krik,Walnut Creek,he tao xi,u~orunattokuriku,valanata krika,walnat kryk  kalyfrnya,walnwt kryk  kwntra kwsta  kalyfwrnya,wolneoskeulig,Волнат Крик,Уолнат-Крик,Уолнът Крийк,والنات کریک، کالیفرنیا,والنوت كريك، كونترا كوستا، كاليفورنيا,वालनट क्रीक,ウォールナットクリーク,核桃溪,월넛크릭	37.90631	-122.06496	P	PPL	US		CA	013			64173	52	54	America/Los_Angeles	2011-05-14
5407529	Watsonville	Watsonville	Uotsunvil,Votsonvil,WVI,vatasanabhila,watosonbiru,watswn wyl  kalyfrnya,watswnfyl  kalyfwrnya,wo sen wei er,Вотсонвил,Уотсънвил,واتسون ویل، کالیفرنیا,واتسونفيل، كاليفورنيا,वाटसनभिल,ワトソンビル,沃森维尔	36.91023	-121.75689	P	PPL	US		CA	087			51199	10	10	America/Los_Angeles	2011-05-14
5419384	Denver	Denver	DEN,Dehnver,Denber,Denv"r,Denver,Denver County,Denvera,Denveres,Denveris,Denverium,Denvero,Denverės,Denwer,Dénwér,Gorad Dehnver,Ntenver,dainavara,dan fu,denabhara ka'unti,denavara,denba,denbeo,denbhara,denvar,denveri,denvhara,denwexr,dnfr  kwlwradw,dnwr  klradw,dnwwr,tenvar,Ντένβερ,Горад Дэнвер,Денвер,Денвър,Дэнвер,Դենվեր,דנוור,دنفر، كولورادو,دنور، کلرادو,ڈینور,डॅनवर,डेन्वर्,डेन्व्हर,देन्भर,ডেনভার কাউন্টি,ਡੈਨਵਰ,டென்வர்,డెన్వర్,ഡെൻവർ,เดนเวอร์,დენვერი,デンバー,丹佛,덴버	39.73915	-104.9847	P	PPLA	US		CO	031			600158	1609	1636	America/Denver	2014-10-27
5454711	Albuquerque	Albuquerque	ABQ,Al'bukerke,Albak"rki,Albakerki,Albjukuehrokju,Albukerke,Albukerki,Albukerkė,Albukwer kwe,Albukwér kwé,Albuquerque,Alburquerque,Almpoukerki,Beeʼeldííl Dahsinil,Duke City,The Duke City,a bu kui ji,aelbeokeoki,albakrky  nywmksykw,albukarki,albukerke,albwkrky,alpukerkki,arubakaki,Αλμπουκέρκη,Албакерки,Албакърки,Албукерки,Албюкуэрокю,Альбукерке,Ալբուկերկե,אלבקרקי,ألباكركي، نيومكسيكو,البوکرکی,आल्बुकर्की,ஆல்புகெர்க்கி,แอลบูเคอร์คี,ალბუკერკე,ალბუქერქე,アルバカーキ,阿布奎基,앨버커키	35.08449	-106.65114	P	PPLA2	US		NM	001			545852	1511	1513	America/Denver	2014-10-27
5731371	Hillsboro	Hillsboro	Chilsmporo,HIO,Hillsboro,Khillsboro,Khillsborou,Khilsboro,Khilsburo,hiljeubeoleo,hiruzuboro,hylsbrw  awrgn,hylsbwrw  awryghwn,xi er si bo lei,Χίλσμπορο,Хиллсборо,Хиллсбороу,Хилсборо,Хилсбъро,هيلسبورو، أوريغون,هیلسبرو، اورگن,ヒルズボロ,希尔斯伯勒,힐즈버러	45.52289	-122.98983	P	PPLA2	US		OR	067			91611	59	59	America/Los_Angeles	2011-05-14
5743731	Oak Grove	Oak Grove		45.41679	-122.64009	P	PPL	US		OR	005			16629	55	58	America/Los_Angeles	2011-05-14
5805441	Oak Harbor	Oak Harbor	ODW,Ouk Kharbor,Ouk Kharbur,awk harbwr  washntn,awk harbwr  washyngtn,okuhaba,xiang gang shi,Оук Харбор,Оук Харбър,أوك هاربور، واشنطن,اوک هاربور، واشینگتن,オークハーバー,橡港市	48.29316	-122.64322	P	PPL	US		WA	029			22075	29	27	America/Los_Angeles	2013-04-05
7262518	West Whittier-Los Nietos	West Whittier-Los Nietos		33.976	-118.06909	P	PPL	US		CA	037			25540	49	51	America/Los_Angeles	2011-05-14
8097131	Oak Hill	Oak Hill		38.9258	-77.40156	P	PPL	US		VA	059			33811	100	106	America/New_York	2012-05-23
3628053	San Juan de los Morros	San Juan de los Morros	San Juan de Los Morros,San Juan de los Moros,San Juan de los Morros	9.91152	-67.35381	P	PPLA	VE		12	1212			87739		433	America/Caracas	2012-01-03
3628550	San Antonio de Los Altos	San Antonio de Los Altos		10.38853	-66.95179	P	PPLA2	VE		15	1513			63873		1396	America/Caracas	2012-01-03
3633622	Los Teques	Los Teques	Los Tekes,Los Tekesas,Los Teques,Los-Tekes,loseutekeseu,luo si te ke si,Λος Τέκες,Лос Текес,Лос-Текес,ლოს-ტეკესი,ロス・テケス,洛斯特克斯,로스테케스	10.34447	-67.04325	P	PPLA	VE		15	1510			140617		1185	America/Caracas	2013-08-11
3633677	Los Rastrojos	Los Rastrojos	Los Rastrojos,Rastrojo,Rastrojos	10.02588	-69.24166	P	PPL	VE		13				34636		446	America/Caracas	2012-01-18
3634184	Los Dos Caminos	Los Dos Caminos	Dos Caminos,Los Dos Caminos	10.49389	-66.82863	P	PPL	VE		15				58168		876	America/Caracas	2012-01-15
1566166	Thanh Hóa	Thanh Hoa	THD,Than" Hoa,Thanh Hoa,Thanh Hóa,Than” Hoa	19.8	105.76667	P	PPLA	VN		34				112473		5	Asia/Ho_Chi_Minh	2012-12-09
71137	Sanaa	Sanaa	SAH,San"o,San'a,San'a',San'ah,San`a',Sana,Sana'a,Sanaa,Sanaà,Sanaá,Saná,San’ah,sa na,sana,sanua,Şan‘ā',Şan‘ā’,Σάνα,Сана,Санъо,צנעא,صنعاء,ሳና,サヌア,萨那,사나	15.35472	44.20667	P	PPLC	YE		16				1937451		2253	Asia/Aden	2013-08-27
